,Sales,Quantity,Discount,Profit,Days Since First Order,lag_sales_1,lag_profit_1,rolling_sales_mean_3,rolling_profit_mean_3,cohort,churn,Ship Mode_Same Day,Ship Mode_Second Class,Ship Mode_Standard Class,Segment_Corporate,Segment_Home Office,Region_East,Region_South,Region_West,Sub-Category_Chairs,Sub-Category_Furnishings,Sub-Category_Tables
20,19,5,0,-14,0,97,1,316,-42,0,0,0,1,0,0,0,0,0,0,0,1,0
39,396,7,0,-11,360,19,-14,171,-8,12,0,0,1,0,0,0,1,0,0,1,0,0
51,258,3,0,0,0,620,-248,370,-116,0,1,0,0,1,0,1,0,1,0,0,1,0
54,177,5,0,-120,680,11,-4,202,-160,23,1,0,1,0,0,0,0,0,0,0,0,1
55,4,3,0,-2,680,177,-120,64,-42,23,1,0,1,0,0,0,0,0,0,0,1,0
64,218,3,0,-24,194,230,20,249,24,6,0,0,0,0,1,0,0,0,1,0,1,0
70,15,1,0,1,381,466,52,165,19,13,0,0,1,0,1,0,0,0,1,0,1,0
86,113,2,0,-18,904,1336,31,818,-33,30,0,0,0,1,0,0,0,0,1,1,0,0
108,241,2,0,18,894,255,81,208,25,29,1,0,0,1,0,0,0,0,1,1,0,0
109,69,9,0,22,894,241,18,188,40,29,1,0,0,1,0,0,0,0,1,0,1,0
131,88,3,0,27,703,9,3,46,15,23,1,0,1,0,1,0,1,0,0,0,1,0
142,108,1,0,-71,565,23,-14,56,-24,19,1,0,0,1,0,1,0,0,0,0,0,1
176,301,2,0,90,933,396,-11,239,21,31,0,0,1,0,0,0,0,1,0,1,0,0
189,99,2,0,-18,0,218,-24,182,-7,0,0,0,0,1,1,0,0,0,0,0,0,1
190,797,4,0,-56,0,99,-18,372,-33,0,0,0,0,1,1,0,0,0,0,1,0,0
192,393,3,0,-204,393,1228,0,544,-66,13,1,0,0,0,0,0,0,0,1,0,0,1
195,2065,12,0,-619,0,1007,75,1196,-185,0,0,0,0,1,0,1,1,0,0,0,0,1
219,254,14,0,-18,655,212,-15,333,-26,22,0,0,0,1,0,1,0,0,0,1,0,0
242,172,2,0,51,736,301,90,290,43,25,0,0,0,1,0,0,1,0,0,1,0,0
244,15,4,0,2,0,88,27,37,10,0,1,1,0,0,1,0,0,1,0,0,1,0
245,55,1,0,-2,0,15,2,53,9,0,1,1,0,0,1,0,0,1,0,0,1,0
246,95,4,0,-4,543,102,-3,498,101,18,0,0,0,1,0,0,0,0,0,1,0,0
253,8,1,0,2,1120,95,-4,69,-1,37,0,0,0,1,0,0,0,0,1,0,1,0
256,165,3,0,41,57,63,0,92,18,1,1,1,0,0,0,0,0,1,0,0,1,0
260,254,3,0,11,0,3610,135,1543,80,0,1,0,1,0,0,0,0,0,1,0,0,0
274,155,2,0,-13,19,242,29,136,6,0,1,0,0,1,0,0,1,0,0,1,0,0
281,300,1,0,11,364,31,1,218,13,12,0,0,0,1,1,0,0,0,1,0,0,1
297,408,2,0,72,166,77,38,189,40,6,1,0,0,1,1,0,1,0,0,1,0,0
298,165,4,0,14,166,408,72,216,41,6,1,0,0,1,1,0,1,0,0,0,1,0
302,2453,5,0,-350,323,172,51,975,-69,11,0,1,0,0,0,0,0,0,0,1,0,0
327,603,5,0,-67,284,69,22,304,-8,9,1,0,0,0,0,0,0,0,1,1,0,0
328,381,2,0,23,284,603,-67,351,-7,9,1,0,0,0,0,0,0,0,1,1,0,0
331,47,3,0,18,414,382,-153,177,-40,14,1,0,0,0,0,0,1,0,0,0,1,0
332,6,2,0,2,414,47,18,145,-43,14,1,0,0,0,0,0,1,0,0,0,1,0
343,34,7,0,10,112,1067,224,380,82,4,1,0,0,0,0,0,0,0,0,0,1,0
361,206,2,0,-32,0,108,-71,113,-39,0,1,0,0,1,0,1,0,0,0,0,0,1
373,170,3,0,-8,0,17,1,109,-18,0,0,0,0,1,1,0,0,0,1,0,0,1
377,22,1,0,4,606,11,3,122,29,20,1,0,0,1,0,0,0,0,1,0,1,0
379,207,3,0,25,55,211,42,204,29,2,1,0,0,1,1,0,0,1,0,1,0,0
396,409,3,0,-122,0,124,15,1205,-590,0,1,0,0,0,0,0,1,0,0,0,0,1
403,15,5,0,7,1303,145,23,57,11,43,1,0,1,0,0,0,0,1,0,0,1,0
408,1282,5,0,213,0,254,-93,516,41,0,0,0,0,1,1,0,1,0,0,1,0,0
423,25,6,0,3,197,341,-73,218,-11,7,1,0,0,0,0,0,1,0,0,0,1,0
428,710,3,0,-97,182,8,2,271,-32,6,0,0,0,1,0,0,0,0,1,0,0,1
433,479,5,0,81,232,626,46,668,80,8,1,0,0,1,0,1,0,0,0,1,0,0
451,442,4,0,59,58,176,-22,210,13,2,1,0,0,1,0,0,1,0,0,1,0,0
452,63,8,0,28,58,442,59,227,21,2,1,0,0,1,0,0,1,0,0,0,1,0
456,20,1,0,1,391,515,113,194,44,12,1,0,0,1,0,0,1,0,0,0,1,0
464,109,2,0,33,872,124,52,362,99,29,1,0,0,1,1,0,1,0,0,0,1,0
469,122,3,0,13,0,143,3,584,-93,0,1,0,1,0,1,0,0,0,1,1,0,0
473,199,2,0,37,1057,614,-23,303,2,34,0,0,0,0,0,0,0,0,1,0,0,0
477,259,5,0,106,246,389,43,270,40,9,1,0,0,1,0,0,1,0,0,0,1,0
478,723,4,0,188,665,206,-32,346,27,22,1,0,1,0,0,1,0,1,0,1,0,0
479,141,2,0,-14,483,15,1,207,13,16,0,0,0,0,1,0,0,0,0,0,0,0
485,557,5,0,0,651,22,9,309,14,21,1,0,0,1,0,0,0,0,0,0,0,1
489,613,3,0,-122,0,1071,-553,1088,-374,0,1,0,0,1,1,0,1,0,0,0,0,1
492,532,6,0,-26,831,797,-56,476,-34,27,0,0,0,1,1,0,1,0,0,0,1,0
501,301,2,0,60,301,239,52,186,40,10,1,0,0,1,0,1,1,0,0,0,0,0
518,77,8,0,34,0,4,-2,86,-29,0,1,0,1,0,0,0,0,0,1,0,1,0
521,181,2,0,-54,381,15,7,114,-7,12,1,0,1,0,0,0,1,0,0,1,0,0
526,102,1,0,-6,872,2453,-350,909,-101,29,0,0,0,1,0,0,0,0,1,0,0,0
532,62,3,0,30,0,470,-87,229,-30,0,1,0,0,1,0,1,0,1,0,0,1,0
533,12,3,0,4,0,62,30,181,-17,0,1,0,0,1,0,1,0,1,0,0,1,0
545,220,1,0,24,398,42,4,101,15,13,1,0,0,1,0,0,0,0,1,1,0,0
552,1292,3,0,77,1065,545,70,621,53,35,1,0,1,0,1,0,0,0,1,0,0,0
560,122,3,0,15,0,30,8,226,18,0,1,0,0,1,0,1,0,1,0,0,1,0
566,299,3,0,56,476,77,34,127,29,16,1,0,0,1,0,0,1,0,0,0,0,0
573,19,3,0,5,885,4,1,33,11,29,0,0,0,0,0,0,0,1,0,0,1,0
585,214,3,0,36,598,185,76,201,43,20,0,0,1,0,0,1,0,0,0,0,0,1
586,653,3,0,111,598,214,36,351,74,20,0,0,1,0,0,1,0,0,0,0,0,1
595,20,4,0,6,0,14,6,102,-30,0,0,0,1,0,0,0,1,0,0,0,1,0
615,90,1,0,14,860,547,-68,218,-15,28,1,0,0,1,1,0,0,0,0,1,0,0
616,1526,7,0,427,860,90,14,721,124,28,1,0,0,1,1,0,0,0,0,1,0,0
617,368,3,0,40,860,1526,427,662,160,28,1,0,0,1,1,0,0,0,0,1,0,0
618,18,1,0,7,1070,7,0,263,-4,35,0,0,0,1,0,0,0,0,1,0,1,0
620,26,3,0,11,1357,653,111,297,52,45,0,0,0,1,0,1,0,0,1,0,1,0
626,18,2,0,7,1350,97,6,65,7,44,0,0,1,0,1,0,0,0,1,0,1,0
638,344,2,0,-103,0,238,26,221,-28,0,0,0,0,1,0,1,1,0,0,0,0,1
639,22,3,0,-10,0,43,11,24,0,0,1,0,0,1,0,1,0,0,0,0,1,0
640,66,3,0,22,634,381,23,350,-7,21,1,0,0,1,0,0,0,0,1,0,1,0
642,254,3,0,0,517,723,188,395,51,17,1,0,0,1,0,1,1,0,0,0,1,0
651,41,2,0,2,777,544,40,224,-1,26,0,0,0,1,0,1,0,0,1,0,1,0
660,220,4,0,-42,97,207,2,156,-9,3,0,0,0,1,1,0,0,0,0,0,0,0
669,22,3,0,-17,787,344,-103,201,-31,26,0,0,0,1,0,1,0,0,0,0,1,0
672,262,7,0,69,672,747,-96,625,66,22,0,0,0,0,0,0,1,0,0,0,1,0
673,284,2,0,-75,39,700,78,777,-72,1,1,0,0,1,1,0,1,0,0,0,0,1
674,67,5,0,32,0,47,20,200,46,0,1,0,0,0,0,0,0,0,0,0,1,0
676,528,5,0,0,560,933,105,535,35,18,1,0,0,1,0,0,0,0,0,1,0,0
683,114,5,0,39,1080,39,12,63,22,36,1,0,1,0,0,0,1,0,0,0,1,0
690,79,3,0,-29,747,478,47,477,81,25,0,0,1,0,1,0,0,1,0,0,0,1
693,3,2,0,1,0,25,3,123,-22,0,1,0,0,1,0,0,0,0,1,0,1,0
694,60,3,0,5,163,585,73,218,24,5,0,0,0,1,0,0,1,0,0,0,1,0
701,2,1,0,-1,1079,63,23,90,-12,36,0,0,0,1,0,1,0,0,0,0,1,0
705,435,3,0,20,0,46,19,222,16,0,0,0,0,1,1,0,0,0,1,0,0,0
712,364,5,0,8,54,28,11,450,-121,2,0,0,0,1,0,0,1,0,0,1,0,0
713,361,2,0,68,54,364,8,251,29,2,0,0,0,1,0,0,1,0,0,1,0,0
714,24,9,0,7,672,1013,76,397,25,22,0,0,0,0,0,0,1,0,0,0,1,0
717,22,7,0,-8,370,109,33,85,25,13,1,0,0,0,1,0,0,0,0,0,1,0
721,22,4,0,7,0,281,-12,195,-5,0,1,0,0,1,0,1,1,0,0,0,1,0
725,128,2,0,15,1231,23,-14,178,21,41,0,0,0,0,0,0,0,0,1,0,1,0
728,251,2,0,-68,1158,16,-8,147,-62,38,0,1,0,0,0,0,0,0,0,0,0,1
733,180,1,0,47,136,307,-34,279,-42,5,0,0,0,1,0,0,0,0,0,1,0,0
734,1421,6,0,-195,451,170,-8,536,-67,15,0,0,0,1,1,0,0,0,1,0,0,1
745,5,3,0,1,981,181,-54,67,-15,32,1,0,0,0,0,0,1,0,0,0,1,0
746,99,2,0,-7,981,5,1,95,-20,32,1,0,0,0,0,0,1,0,0,1,0,0
748,844,6,0,-36,813,19,8,438,13,26,0,0,1,0,0,1,0,0,0,1,0,0
753,17,3,0,5,0,286,83,292,84,0,1,0,1,0,0,0,1,0,0,0,1,0
756,91,4,0,31,760,25,8,81,30,25,1,0,0,1,0,1,1,0,0,0,1,0
760,148,7,0,29,794,301,60,230,47,26,1,0,0,1,0,1,1,0,0,0,1,0
762,6,3,0,1,0,30,3,126,-140,0,0,0,0,1,1,0,0,1,0,0,1,0
765,181,2,0,20,0,19,5,68,9,0,0,0,0,1,0,0,1,0,0,0,1,0
768,37,1,0,6,113,1282,213,524,42,3,0,0,0,1,1,0,1,0,0,0,1,0
772,162,3,0,34,614,304,76,158,37,20,0,0,0,0,0,0,0,0,1,0,1,0
773,603,5,0,45,0,199,37,472,20,0,0,0,1,0,0,0,0,0,1,1,0,0
778,230,3,0,23,638,198,99,146,37,21,1,0,1,0,1,0,0,0,1,1,0,0
780,24,2,0,10,7,207,25,147,26,0,1,0,0,1,1,0,0,0,1,0,1,0
781,241,2,0,24,481,595,297,419,101,16,1,0,1,0,1,0,0,0,0,0,0,0
787,523,3,0,-192,1238,532,-26,618,-91,41,0,0,0,0,1,0,0,1,0,0,0,1
791,801,2,0,200,451,141,41,315,80,15,1,0,0,1,0,0,0,1,0,0,0,1
792,1056,7,0,306,451,801,200,666,182,15,1,0,0,1,0,0,0,1,0,1,0,0
795,26,1,0,7,824,1458,423,540,157,27,1,0,0,1,1,0,0,0,0,1,0,0
796,476,2,0,119,824,26,7,654,183,27,1,0,0,1,1,0,0,0,0,1,0,0
800,134,9,0,36,99,674,-109,296,-17,3,1,0,0,1,0,0,0,0,1,0,1,0
805,480,3,0,-269,502,64,6,209,-117,16,1,0,0,1,0,1,0,0,0,0,0,1
806,151,5,0,-182,8,17,1,70,-53,0,0,0,0,1,0,0,0,0,0,0,1,0
809,842,3,0,42,0,191,16,425,28,0,1,0,1,0,0,0,0,0,1,1,0,0
815,352,5,0,-211,0,7,2,302,-92,0,1,0,0,1,0,1,1,0,0,0,0,0
818,161,2,0,10,50,801,-448,363,-156,2,0,0,0,1,0,0,0,0,1,1,0,0
819,311,3,0,-42,50,161,10,425,-160,2,0,0,0,1,0,0,0,0,1,1,0,0
820,35,2,0,13,0,114,39,63,21,0,1,0,0,1,0,0,0,0,1,0,1,0
825,255,6,0,-18,327,254,-18,240,-17,11,0,0,0,1,0,1,0,0,0,1,0,0
835,257,3,0,24,275,195,-13,153,4,9,1,0,0,1,0,0,0,0,1,0,0,0
841,373,6,0,82,0,860,189,582,122,0,0,0,0,1,0,0,0,0,0,0,1,0
842,231,5,0,5,90,1652,231,647,83,3,0,0,1,0,1,0,0,1,0,0,0,0
845,474,11,0,199,943,20,1,336,104,31,1,0,0,1,0,0,0,0,1,0,1,0
850,24,5,0,8,229,109,37,148,22,7,1,0,0,1,1,0,0,0,1,0,1,0
851,70,6,0,23,229,24,8,68,23,7,1,0,0,1,1,0,0,0,1,0,1,0
855,409,2,0,-81,0,58,18,162,-19,0,0,0,0,1,1,0,1,0,0,0,0,1
856,67,1,0,-20,0,409,-81,178,-27,0,0,0,0,1,1,0,1,0,0,0,0,1
857,572,3,0,35,0,151,-182,247,-48,0,0,0,0,1,0,0,0,0,1,1,0,0
859,220,4,0,55,983,373,82,484,108,32,0,0,0,1,0,0,0,1,0,0,1,0
860,339,4,0,0,983,220,55,310,45,32,0,0,0,1,0,0,0,1,0,0,1,0
863,27,3,0,-14,364,141,39,228,60,12,1,1,0,0,0,0,1,0,0,0,0,1
866,79,5,0,13,154,22,9,97,9,6,0,0,0,0,0,0,1,0,0,0,1,0
868,322,3,0,64,0,156,-52,160,2,0,1,0,0,1,0,0,1,0,0,0,1,0
869,433,2,0,-65,0,139,-150,192,-71,0,1,0,0,0,0,0,0,0,1,1,0,0
871,696,2,0,160,22,16,-12,249,52,1,1,0,0,1,1,0,0,0,1,0,0,1
872,24,5,0,10,469,3,1,17,4,16,1,0,0,1,0,0,0,0,1,0,1,0
874,17,3,0,7,0,14,4,127,32,0,1,0,1,0,0,0,1,0,0,0,1,0
875,1604,5,0,481,0,17,7,545,164,0,1,0,1,0,0,0,1,0,0,1,0,0
876,385,1,0,-60,0,1604,481,669,142,0,1,0,1,0,0,0,1,0,0,0,0,1
878,174,3,0,41,1237,821,213,351,93,41,1,0,1,0,0,0,0,0,1,0,0,0
881,332,9,0,-348,352,854,10,576,-99,12,1,0,0,1,1,0,0,0,0,0,1,0
882,1049,5,0,272,803,22,-17,472,50,26,0,0,0,1,0,1,1,0,0,0,1,0
883,20,5,0,7,803,1049,272,364,87,26,0,0,0,1,0,1,1,0,0,0,1,0
886,10,3,0,-6,1154,1212,90,692,-47,38,0,0,0,0,0,0,0,0,0,0,1,0
888,863,8,0,-160,18,180,47,450,-49,1,0,0,0,1,0,0,0,0,0,0,0,1
889,956,7,0,-225,18,863,-160,666,-112,1,0,0,0,1,0,0,0,0,0,0,0,0
890,871,4,0,148,968,385,-60,953,189,32,1,0,1,0,0,0,0,0,1,0,0,1
892,207,4,0,85,940,22,-8,113,36,31,1,0,1,0,1,0,1,0,0,0,1,0
897,177,5,0,-120,1160,7,-2,167,-66,38,0,0,0,1,1,0,0,0,1,0,0,1
905,60,3,0,26,0,631,140,334,39,0,1,0,0,1,0,0,1,0,0,0,1,0
908,303,5,0,63,0,191,74,177,50,0,1,0,0,1,0,1,0,0,1,0,1,0
909,1487,5,0,148,0,303,63,660,95,0,1,0,0,1,0,1,0,0,1,1,0,0
911,384,4,0,-126,0,368,81,291,-19,0,0,0,0,1,0,0,0,0,0,0,0,0
912,913,5,0,-52,0,384,-126,555,-32,0,0,0,0,1,0,0,0,0,0,0,0,0
920,24,5,0,9,803,180,-240,136,-59,27,1,0,1,0,0,0,0,1,0,0,1,0
921,842,3,0,160,803,24,9,349,-23,27,1,0,1,0,0,0,0,1,0,0,0,1
922,12,2,0,4,189,79,29,137,20,6,1,0,0,1,0,0,0,0,1,0,1,0
923,25,5,0,8,743,853,0,349,1,25,1,0,0,0,0,0,0,0,1,0,1,0
924,1279,5,0,225,743,25,8,719,78,25,1,0,0,0,0,0,0,0,1,0,0,0
928,128,3,0,-23,255,1603,100,582,25,9,0,0,0,1,1,0,1,0,0,1,0,0
930,344,2,0,-189,1073,63,-15,167,-63,35,1,1,0,0,0,1,1,0,0,0,0,1
931,21,4,0,7,1073,344,-189,143,-65,35,1,1,0,0,0,1,1,0,0,0,1,0
937,23,1,0,5,0,18,6,21,0,0,0,0,0,1,0,1,0,0,1,0,1,0
939,37,2,0,17,493,155,63,69,29,16,1,0,0,1,1,0,0,0,0,0,1,0
941,20,4,0,6,0,305,-8,450,-10,0,0,0,0,1,1,0,0,0,0,0,1,0
944,408,2,0,72,829,129,54,219,41,27,0,0,0,0,0,0,1,0,0,1,0,0
945,122,3,0,13,0,1272,-814,472,-264,0,1,1,0,0,0,1,0,0,1,1,0,0
952,127,3,0,-9,0,599,93,590,108,0,1,0,0,0,0,0,0,0,0,1,0,0
953,36,5,0,13,501,7,3,333,-69,17,0,0,1,0,1,0,0,0,1,0,1,0
954,419,4,0,-57,374,113,9,192,-33,12,1,0,0,1,0,1,0,1,0,1,0,0
962,47,8,0,20,1079,102,-6,867,-111,36,0,0,0,1,0,0,0,0,1,0,1,0
963,542,3,0,141,60,91,31,220,60,2,1,0,0,1,0,1,1,0,0,1,0,0
964,14,3,0,4,699,361,68,246,26,23,0,0,0,1,0,0,0,1,0,0,1,0
967,586,6,0,34,12,205,-36,471,45,0,1,0,0,1,1,0,0,0,1,0,0,0
969,145,2,0,-8,768,681,42,369,23,25,1,0,0,1,0,1,1,0,0,1,0,0
974,272,3,0,30,737,299,56,216,40,24,1,0,0,1,0,0,0,0,0,0,1,0
976,241,4,0,-56,353,24,10,157,-6,11,1,0,0,1,1,0,1,0,0,0,0,1
977,163,4,0,-81,353,241,-56,143,-42,11,1,0,0,1,1,0,1,0,0,0,0,0
979,242,3,0,-42,227,51,10,188,6,7,1,0,0,0,0,0,0,0,1,1,0,0
980,302,3,0,48,528,69,12,181,4,17,1,1,0,0,0,0,0,0,0,1,0,0
981,142,2,0,38,528,302,48,171,32,17,1,1,0,0,0,0,0,0,0,1,0,0
982,546,9,0,136,528,142,38,330,74,17,1,1,0,0,0,0,0,0,0,1,0,0
983,212,3,0,14,528,546,136,300,63,17,1,1,0,0,0,0,0,0,0,0,1,0
984,7,1,0,-6,585,480,-269,184,-89,19,1,0,0,1,0,1,0,0,0,0,1,0
985,173,4,0,17,255,293,-20,292,-2,8,1,0,0,0,0,0,1,0,0,0,1,0
989,275,3,0,-37,242,26,11,318,28,8,0,0,1,0,0,1,1,0,0,0,0,0
993,35,3,0,11,318,241,24,290,111,11,1,1,0,0,1,0,0,0,1,0,1,0
996,63,1,0,10,0,561,28,443,31,0,0,0,0,0,0,0,1,0,0,1,0,0
997,683,4,0,0,157,474,199,392,67,5,1,0,0,1,0,0,0,0,0,1,0,0
999,52,9,0,15,357,69,-143,647,11,12,1,0,0,1,0,0,0,0,1,0,1,0
1000,54,5,0,10,357,52,15,58,-39,12,1,0,0,1,0,0,0,0,1,0,1,0
1001,364,5,0,-248,357,54,10,157,-74,12,1,0,0,1,0,0,0,0,1,0,0,1
1004,91,9,0,19,936,190,-21,568,118,31,1,0,1,0,0,0,1,0,0,0,1,0
1008,77,3,0,15,986,127,-9,71,2,32,1,0,0,1,0,0,1,0,0,0,1,0
1010,975,5,0,121,0,27,-14,381,49,0,1,0,0,1,0,0,0,0,1,1,0,0
1011,12,3,0,4,0,12,4,34,12,0,1,0,1,0,0,0,0,0,1,0,1,0
1012,9,3,0,4,0,12,4,11,4,0,1,0,1,0,0,0,0,0,1,0,1,0
1014,464,9,0,92,0,77,38,308,56,0,1,0,0,1,0,0,0,0,1,0,1,0
1020,254,3,0,-32,1158,408,72,263,31,38,0,0,1,0,0,0,0,0,0,1,0,0
1023,897,3,0,251,1071,51,5,516,82,36,0,0,0,1,0,1,1,0,0,1,0,0
1024,333,3,0,3,0,29,10,235,30,0,1,0,0,1,0,0,0,0,1,0,0,0
1026,283,4,0,82,0,1268,266,558,124,0,1,0,0,1,0,0,1,0,0,0,0,0
1027,18,3,0,6,911,492,-14,544,-2,30,0,0,0,1,0,0,0,0,1,0,1,0
1031,207,2,0,-28,875,523,-192,421,-82,29,0,0,0,0,1,0,0,1,0,1,0,0
1032,35,2,0,5,875,207,-28,255,-71,29,0,0,0,0,1,0,0,1,0,0,1,0
1035,209,7,0,-356,926,616,-36,601,-73,31,0,0,0,0,1,0,0,0,1,0,0,0
1038,39,4,0,11,643,171,44,84,25,21,1,0,0,1,0,0,0,0,1,0,1,0
1043,199,4,0,-37,256,209,-356,342,-143,9,0,0,0,0,1,0,1,0,0,0,0,1
1044,467,9,0,191,0,504,80,345,87,0,0,0,1,0,0,0,0,0,1,0,1,0
1049,744,5,0,-95,99,99,-7,282,-33,3,1,0,1,0,0,0,0,0,0,0,0,1
1050,401,2,0,-131,99,744,-95,415,-78,3,1,0,1,0,0,0,0,0,0,0,0,1
1053,10,3,0,-4,0,214,-120,77,-40,0,1,0,0,1,0,0,0,0,0,0,1,0
1057,101,8,0,37,854,141,-14,85,8,28,0,0,0,1,1,0,0,0,1,0,1,0
1060,86,2,0,29,941,212,14,281,60,31,1,0,0,1,0,0,0,0,1,0,1,0
1065,14,2,0,-10,701,569,-178,196,-62,23,1,0,1,0,0,1,0,0,0,0,1,0
1068,170,3,0,-17,147,203,22,230,-4,5,0,0,0,1,0,0,0,0,1,1,0,0
1070,3504,5,0,700,759,207,85,1244,259,25,1,0,1,0,1,0,0,0,0,1,0,0
1071,328,3,0,-91,766,545,114,595,47,25,0,0,0,1,0,0,0,0,0,0,0,0
1073,1516,7,0,394,335,710,-97,745,99,11,0,0,0,1,0,0,0,0,0,1,0,0
1076,498,7,0,134,1161,393,-204,706,-23,39,1,1,0,0,0,0,0,0,0,1,0,0
1078,353,2,0,-44,638,22,2,466,57,21,1,0,0,1,0,0,1,0,0,0,0,0
1079,697,5,0,8,693,22,4,243,5,23,1,0,1,0,0,0,0,0,1,0,0,1
1080,30,1,0,12,693,697,8,250,8,23,1,0,1,0,0,0,0,0,1,0,1,0
1081,605,6,0,145,0,70,12,230,53,0,1,0,0,1,1,0,0,1,0,1,0,0
1084,362,3,0,36,0,164,50,183,31,0,1,0,0,1,0,0,1,0,0,0,0,0
1085,136,2,0,15,26,253,-14,150,-8,1,1,0,1,0,1,0,0,0,1,0,0,1
1088,200,1,0,-22,0,215,-103,187,-21,0,1,0,0,0,0,1,0,0,0,0,0,1
1091,399,7,0,-14,781,27,8,328,0,26,0,1,0,0,1,0,0,0,1,0,0,1
1093,340,6,0,-9,69,145,-8,389,8,2,1,0,0,1,0,1,0,0,0,1,0,0
1096,966,5,0,-13,0,528,0,809,30,0,1,0,0,1,0,0,0,0,0,1,0,0
1097,51,1,0,-15,376,18,7,25,-2,12,0,0,0,1,0,0,1,0,0,0,0,1
1099,2275,10,0,386,789,146,16,981,110,25,1,0,0,1,1,0,0,1,0,0,0,1
1104,64,2,0,21,247,128,-23,598,32,8,0,0,0,1,1,0,0,0,1,0,1,0
1106,11,2,0,1,1087,63,19,76,-5,36,0,0,0,0,0,1,0,1,0,0,1,0
1107,9,1,0,1,1087,11,1,28,7,36,0,0,0,0,0,1,0,1,0,0,1,0
1108,2314,7,0,-1002,1087,9,1,778,-333,36,0,0,0,0,0,1,0,1,0,0,0,1
1109,19,2,0,5,1087,2314,-1002,781,-331,36,0,0,0,0,0,1,0,1,0,0,1,0
1115,70,6,0,23,398,183,-25,179,5,13,0,0,0,1,0,0,0,0,0,0,1,0
1120,63,5,0,23,562,6,1,33,9,18,0,1,0,0,1,0,0,0,1,0,1,0
1121,556,5,0,6,684,225,22,384,-37,23,1,0,0,1,0,0,0,0,1,0,0,0
1122,111,6,0,51,433,24,-12,47,11,15,1,0,0,0,0,0,0,0,1,0,1,0
1124,31,2,0,1,0,568,28,243,13,0,1,0,0,0,0,0,0,1,0,0,1,0
1128,68,2,0,20,1244,120,18,135,-40,40,0,0,0,1,0,0,0,0,1,0,1,0
1129,1478,8,0,92,364,155,-13,625,36,12,1,0,1,0,0,0,0,0,1,0,0,1
1130,9,3,0,4,818,123,11,68,6,26,1,0,0,1,0,0,0,0,1,0,1,0
1135,102,7,0,-183,1095,13,4,259,-35,36,0,0,0,1,0,0,0,0,1,0,0,0
1136,419,4,0,-68,1001,127,-9,382,5,32,1,0,0,1,0,0,0,1,0,1,0,0
1137,218,3,0,-19,268,136,15,202,-6,9,1,0,1,0,1,0,0,1,0,1,0,0
1141,145,5,0,62,426,254,-32,269,34,14,0,0,0,1,0,0,0,0,1,0,1,0
1149,6,2,0,1,36,191,32,333,78,1,1,0,0,1,1,0,0,1,0,0,1,0
1156,17,2,0,1,0,181,38,415,-10,0,0,0,0,1,1,0,0,1,0,0,1,0
1157,98,1,0,-11,0,17,1,99,9,0,0,0,0,1,1,0,0,1,0,1,0,0
1161,6,2,0,2,21,148,29,152,31,0,1,0,1,0,0,1,0,0,1,0,1,0
1162,2348,9,0,399,21,6,2,834,143,0,1,0,1,0,0,1,0,0,1,0,0,1
1163,273,3,0,-13,576,230,23,234,36,19,1,0,0,1,1,0,0,1,0,1,0,0
1164,815,9,0,-339,714,15,7,626,-19,23,0,0,1,0,0,1,1,0,0,0,0,1
1165,1256,6,0,75,0,262,69,755,16,0,0,0,0,1,0,0,0,1,0,0,0,1
1167,1325,6,0,149,275,257,-28,533,42,9,0,0,0,1,0,0,0,0,1,1,0,0
1168,572,3,0,35,275,1325,149,718,51,9,0,0,0,1,0,0,0,0,1,1,0,0
1169,7,4,0,3,0,15,-12,27,5,0,0,0,1,0,0,1,0,1,0,0,1,0
1170,74,5,0,20,998,36,13,39,12,33,0,0,0,1,1,0,1,0,0,0,1,0
1172,1194,5,0,210,1160,70,23,429,80,38,1,0,1,0,1,0,0,0,1,0,0,0
1176,38,3,0,-50,77,1516,394,755,81,2,0,0,0,1,0,0,0,0,0,0,1,0
1177,129,6,0,12,139,77,15,111,6,4,1,1,0,0,0,0,0,1,0,0,1,0
1179,542,3,0,141,157,37,17,245,74,5,1,0,0,1,1,0,1,0,0,1,0,0
1182,79,3,0,30,321,1056,306,646,179,11,1,0,0,1,0,0,1,0,0,0,1,0
1183,127,2,0,21,321,79,30,421,119,11,1,0,0,1,0,0,1,0,0,1,0,0
1185,638,9,0,185,579,273,-13,380,64,19,1,0,0,0,1,0,1,0,0,0,0,0
1186,25,2,0,8,579,638,185,312,60,19,1,0,0,0,1,0,1,0,0,0,1,0
1191,866,4,0,225,733,243,-15,466,71,25,0,0,0,1,0,0,0,1,0,1,0,0
1193,54,4,0,19,1075,25,10,50,11,35,1,0,0,0,0,0,0,0,1,0,1,0
1197,112,1,0,11,80,842,160,326,60,3,1,0,0,1,0,0,0,0,1,1,0,0
1200,72,1,0,0,393,165,41,100,13,12,1,0,0,0,0,0,0,0,1,1,0,0
1201,51,1,0,15,393,72,0,96,18,12,1,0,0,0,0,0,0,0,1,0,1,0
1205,132,4,0,-18,91,603,181,308,58,3,1,0,0,1,1,0,0,1,0,0,1,0
1206,91,2,0,15,126,368,40,662,161,4,1,0,0,1,1,0,0,0,1,0,1,0
1211,29,1,0,8,693,581,104,543,-86,23,1,0,0,1,0,0,0,0,0,1,0,0
1212,363,5,0,0,657,638,-31,420,-34,21,0,0,0,1,0,0,0,1,0,1,0,0
1216,36,3,0,15,0,225,2,114,15,0,1,0,0,1,0,0,0,0,1,0,1,0
1218,14,5,0,-11,490,2275,386,812,130,16,1,0,0,1,1,0,0,0,0,0,1,0
1219,239,2,0,14,1020,909,-51,385,-12,34,1,0,1,0,0,0,0,0,1,0,0,0
1224,127,3,0,21,684,53,14,73,15,22,1,0,0,1,0,0,0,0,0,0,1,0
1225,801,2,0,50,507,10,3,273,19,17,0,0,0,1,1,0,0,0,1,1,0,0
1226,885,9,0,-99,507,801,50,565,-15,17,0,0,0,1,1,0,0,0,1,1,0,0
1227,28,2,0,7,185,361,83,284,62,6,1,0,1,0,1,0,0,0,1,0,1,0
1230,14,3,0,5,390,6,1,70,13,13,1,0,0,1,1,0,0,0,1,0,1,0
1231,199,2,0,8,94,40,11,201,-5,3,1,0,0,1,0,0,1,0,0,1,0,0
1232,4228,6,0,158,94,199,8,1489,59,3,1,0,0,1,0,0,1,0,0,0,0,0
1233,2003,5,0,-25,94,4228,158,2144,47,3,1,0,0,1,0,0,1,0,0,0,0,0
1237,87,3,0,-45,726,7,-2,159,-17,24,1,0,0,0,0,0,1,0,0,0,0,0
1238,25,5,0,8,666,815,-339,285,-108,22,0,1,0,0,0,1,0,0,1,0,1,0
1240,23,2,0,7,104,1367,259,474,93,4,1,0,1,0,1,0,1,0,0,0,1,0
1241,521,4,0,-250,104,23,7,637,5,4,1,0,1,0,1,0,1,0,0,0,0,0
1242,770,3,0,77,100,313,-120,362,-14,3,1,0,1,0,1,0,0,0,1,1,0,0
1243,21,4,0,6,990,245,27,185,20,33,1,0,1,0,1,0,0,0,1,0,1,0
1244,43,3,0,15,0,47,-2,105,31,0,1,0,0,0,0,0,0,0,1,0,1,0
1246,429,5,0,111,0,25,8,423,-73,0,0,0,0,1,0,1,0,0,0,0,0,1
1247,161,2,0,45,0,429,111,205,55,0,0,0,0,1,0,1,0,0,0,1,0,0
1249,504,5,0,126,0,185,76,233,66,0,0,0,0,1,0,0,0,1,0,0,0,0
1252,328,3,0,-147,900,458,-137,411,-91,30,1,1,0,0,1,0,1,0,0,0,0,1
1254,87,3,0,7,207,182,52,136,40,7,1,0,0,1,1,0,0,0,1,0,1,0
1257,127,3,0,21,568,163,-81,177,-38,19,1,0,0,0,1,0,0,1,0,0,1,0
1258,91,2,0,15,0,18,7,69,9,0,0,0,0,1,1,0,0,0,1,0,1,0
1259,33,7,0,12,0,91,15,48,12,0,0,0,0,1,1,0,0,0,1,0,1,0
1261,21,4,0,6,763,6,-2,17,3,25,1,0,0,1,1,0,1,0,0,0,1,0
1262,15,3,0,5,462,2348,399,790,135,15,1,0,0,1,0,1,0,0,1,0,1,0
1263,42,3,0,16,805,1279,225,449,83,27,1,0,0,1,0,0,0,1,0,0,1,0
1264,14,2,0,3,471,409,-122,182,-34,16,1,0,0,1,0,0,0,0,1,0,1,0
1268,28,4,0,7,733,8,-7,97,-103,24,1,0,1,0,0,1,1,0,0,0,1,0
1269,518,8,0,-97,622,271,60,370,9,20,0,0,0,1,0,1,0,0,1,1,0,0
1270,6,1,0,3,622,518,-97,265,-11,20,0,0,0,1,0,1,0,0,1,0,1,0
1271,191,3,0,61,0,51,15,105,25,0,1,0,0,1,0,0,1,0,0,0,1,0
1272,25,5,0,-11,0,754,60,260,16,0,1,1,0,0,0,0,0,0,0,0,1,0
1274,272,3,0,18,1348,401,-131,472,-69,44,1,0,0,1,0,0,1,0,0,1,0,0
1275,80,1,0,8,1348,272,18,251,-35,44,1,0,0,1,0,0,1,0,0,1,0,0
1276,2888,11,0,609,1348,80,8,1080,211,44,1,0,0,1,0,0,1,0,0,1,0,0
1277,2254,5,0,375,1348,2888,609,1741,331,44,1,0,0,1,0,0,1,0,0,1,0,0
1278,314,2,0,-83,1046,19,5,882,-360,34,0,0,0,0,0,1,1,0,0,0,0,1
1281,449,2,0,-12,0,1537,0,1153,-11,0,1,0,0,1,0,0,1,0,0,1,0,0
1287,205,2,0,-12,47,17,6,90,0,1,1,0,0,1,0,0,0,0,1,0,0,0
1288,340,6,0,-34,665,563,-56,375,-13,21,0,0,0,0,1,0,0,0,1,1,0,0
1291,51,2,0,10,90,220,-42,160,-9,3,0,0,0,0,1,0,1,0,0,0,1,0
1292,42,3,0,9,90,51,10,104,-7,3,0,0,0,0,1,0,1,0,0,0,1,0
1293,4,3,0,1,0,674,-19,296,1,0,1,0,0,0,1,0,0,1,0,0,1,0
1294,20,3,0,5,0,4,1,233,-4,0,1,0,0,0,1,0,0,1,0,0,1,0
1297,799,9,0,207,526,257,24,417,72,17,1,0,0,1,0,0,1,0,0,0,1,0
1298,563,5,0,7,102,1478,92,732,28,3,1,0,0,1,0,0,0,0,1,1,0,0
1305,291,4,0,-14,282,66,-103,195,-31,10,1,0,0,1,0,0,0,0,1,1,0,0
1307,166,3,0,21,29,17,-7,254,-4,1,0,0,0,1,0,0,0,0,1,0,1,0
1309,22,3,0,6,0,181,-8,98,4,0,1,0,0,1,0,1,0,0,1,0,1,0
1310,6,3,0,2,0,311,-42,159,-10,0,0,0,0,1,0,0,0,0,0,0,1,0
1312,1159,9,0,43,386,212,25,473,22,13,0,0,0,1,1,0,0,0,1,1,0,0
1314,24,5,0,10,224,12,4,35,-2,7,1,0,1,0,0,0,0,0,1,0,1,0
1316,563,5,0,56,380,28,7,317,48,12,1,0,0,1,1,0,0,0,1,1,0,0
1317,661,2,0,-231,894,21,8,378,-155,29,1,0,0,1,1,0,1,0,0,0,0,1
1318,502,3,0,-87,0,1293,80,693,-27,0,0,0,0,1,1,0,0,0,1,0,0,1
1319,915,4,0,102,328,76,26,366,50,11,1,0,1,0,0,1,0,0,1,1,0,0
1320,327,8,0,91,328,915,102,439,73,11,1,0,1,0,0,1,0,0,1,0,1,0
1329,221,2,0,2,1073,199,-37,210,-130,36,0,0,0,1,1,0,1,0,0,1,0,0
1330,108,5,0,-105,729,173,17,191,-36,24,1,0,0,1,0,0,0,0,0,0,1,0
1331,38,5,0,-29,0,650,-97,264,-47,0,1,0,0,1,1,0,0,0,0,0,1,0
1332,113,2,0,12,414,7,-6,200,-87,13,1,1,0,0,0,1,1,0,0,0,0,0
1333,83,4,0,21,758,6,3,203,-24,25,0,0,1,0,0,1,1,0,0,0,1,0
1334,561,2,0,70,0,3504,700,1424,285,0,1,0,0,1,1,0,0,1,0,1,0,0
1336,299,5,0,-167,770,25,-11,359,-39,25,1,0,0,1,0,0,1,0,0,0,0,0
1337,396,4,0,198,100,563,7,813,99,3,1,0,0,1,0,0,1,0,0,0,1,0
1338,241,2,0,33,697,9,4,125,16,22,1,0,0,0,0,0,0,1,0,0,0,0
1339,8,3,0,3,697,241,33,86,13,22,1,0,0,0,0,0,0,1,0,0,1,0
1341,899,5,0,-12,909,1267,316,737,106,30,1,0,0,0,0,0,0,0,0,1,0,0
1342,368,3,0,81,0,825,-117,405,-9,0,1,0,0,1,1,0,0,0,0,1,0,0
1346,35,4,0,14,746,191,74,206,15,24,0,0,0,0,0,0,0,0,1,0,1,0
1347,974,4,0,-97,755,572,35,566,-81,25,0,0,0,1,0,0,0,0,0,0,0,1
1348,589,5,0,-6,0,637,-127,423,-41,0,0,0,0,0,0,0,1,0,0,1,0,0
1349,82,3,0,33,536,569,7,234,2,18,1,0,0,1,1,0,1,0,0,0,1,0
1359,289,2,0,10,650,15,3,115,-5,21,1,0,0,1,1,0,0,1,0,0,0,0
1363,529,5,0,105,288,218,0,255,37,9,1,0,0,1,0,0,0,0,1,0,1,0
1365,4007,10,0,-50,0,899,-12,2058,84,0,1,0,0,1,0,0,1,0,0,0,0,0
1367,291,5,0,75,0,696,160,334,74,0,1,0,0,1,1,0,1,0,0,1,0,0
1368,139,2,0,23,1139,589,-6,455,-36,37,0,0,0,0,0,0,0,0,1,0,1,0
1370,155,6,0,38,0,14,-10,246,-50,0,1,0,0,0,0,1,0,0,0,1,0,0
1372,1522,9,0,169,85,63,23,530,64,3,0,0,0,1,1,0,1,0,0,1,0,0
1373,194,2,0,-38,0,242,-42,162,-23,0,1,0,0,1,0,0,1,0,0,0,0,1
1374,872,4,0,244,0,194,-38,436,54,0,1,0,0,1,0,0,1,0,0,1,0,0
1375,317,3,0,-18,0,134,36,375,-30,0,1,0,0,1,0,0,0,0,0,1,0,0
1376,170,3,0,-17,1131,56,-74,186,-36,38,1,0,0,1,0,0,0,0,1,1,0,0
1377,101,3,0,30,718,301,45,146,29,23,1,1,0,0,0,0,0,0,1,0,1,0
1378,8,5,0,3,994,871,148,421,30,33,1,0,0,1,0,0,0,1,0,0,1,0
1379,302,3,0,69,994,8,3,394,73,33,1,0,0,1,0,0,0,1,0,0,0,0
1382,484,6,0,-84,389,715,178,681,19,12,1,0,0,1,0,0,0,0,1,1,0,0
1384,209,3,0,35,0,191,51,206,-99,0,0,0,0,1,0,0,0,1,0,0,1,0
1386,212,3,0,53,661,238,89,165,50,22,0,0,1,0,1,0,0,0,0,0,0,0
1391,1747,5,0,629,170,698,52,1036,251,5,1,0,0,1,0,0,0,0,1,0,0,1
1392,1421,8,0,-734,294,261,23,578,-229,9,1,0,1,0,1,0,1,0,0,0,0,1
1393,564,3,0,-304,993,275,-37,288,-110,33,0,0,0,1,0,1,0,0,1,0,0,1
1394,21,2,0,-11,428,218,-19,125,-5,14,1,0,0,0,1,0,0,0,0,0,1,0
1395,213,5,0,-39,428,21,-11,150,-23,14,1,0,0,0,1,0,0,0,0,1,0,0
1396,68,2,0,16,946,981,-140,355,-46,31,1,0,0,1,0,1,0,0,1,0,1,0
1397,386,9,0,-185,946,68,16,478,-103,31,1,0,0,1,0,1,0,0,1,0,0,1
1399,42,5,0,15,1049,498,134,311,-18,35,1,0,1,0,0,0,1,0,0,0,1,0
1401,46,7,0,3,257,12,4,40,12,9,1,0,0,1,0,1,0,0,1,0,1,0
1403,41,2,0,-19,367,51,-15,37,-9,12,0,0,0,1,0,0,0,0,0,0,1,0
1406,883,4,0,99,466,971,252,623,118,15,1,0,0,1,0,0,0,0,1,1,0,0
1407,230,3,0,20,466,883,99,695,124,15,1,0,0,1,0,0,0,0,1,1,0,0
1409,56,3,0,-26,1384,266,-292,260,-89,45,0,1,0,0,0,0,0,0,0,0,1,0
1410,159,4,0,31,756,1139,284,457,112,25,1,0,0,1,0,1,0,1,0,0,1,0
1412,643,4,0,56,0,68,28,248,33,0,1,0,0,0,1,0,0,1,0,1,0,0
1413,359,2,0,-5,0,664,88,596,-161,0,1,0,0,1,0,0,0,0,0,1,0,0
1414,122,3,0,-13,601,2,0,303,-90,20,0,0,0,1,0,0,0,0,1,1,0,0
1419,317,3,0,-18,801,170,-17,230,-4,26,0,0,0,1,0,0,0,0,0,1,0,0
1420,14,5,0,-6,801,317,-18,167,-13,26,0,0,0,1,0,0,0,0,0,0,1,0
1421,344,3,0,31,831,556,6,375,20,28,1,0,1,0,0,0,1,0,0,0,0,0
1422,14,2,0,4,831,344,31,305,13,28,1,0,1,0,0,0,1,0,0,0,1,0
1424,138,1,0,-34,1045,20,3,100,7,34,1,0,1,0,0,0,1,0,0,0,0,1
1426,9,1,0,2,687,23,5,17,4,23,0,0,0,1,0,1,0,0,1,0,1,0
1427,34,2,0,-15,607,20,5,19,-2,20,1,0,0,1,1,0,0,0,0,0,1,0
1428,20,2,0,-16,253,41,-19,37,-17,8,0,1,0,0,0,0,0,0,0,0,1,0
1429,7,5,0,-3,253,20,-16,23,-13,8,0,1,0,0,0,0,0,0,0,0,1,0
1431,47,2,0,4,761,35,-24,35,-3,25,1,0,0,1,1,0,0,0,1,1,0,0
1432,22,3,0,-7,266,502,-87,606,-4,8,0,0,0,1,1,0,0,0,0,0,1,0
1437,113,2,0,-3,214,7,-2,122,31,7,0,0,0,1,1,0,0,0,0,1,0,0
1438,2,2,0,-1,214,113,-3,41,-2,7,0,0,0,1,1,0,0,0,0,0,1,0
1440,146,1,0,-12,885,8,2,57,-1,29,1,1,0,0,0,0,0,0,1,0,0,1
1442,1059,4,0,307,852,1194,210,774,180,28,1,0,0,1,1,0,0,1,0,1,0,0
1443,478,2,0,47,0,340,-9,321,10,0,1,0,0,1,0,1,0,0,1,1,0,0
1444,59,4,0,27,0,14,4,48,17,0,0,0,0,1,0,0,0,0,1,0,1,0
1445,1565,6,0,407,407,399,-14,664,133,14,0,0,0,1,1,0,0,0,0,0,0,0
1446,218,3,0,-19,692,127,4,153,-14,23,1,0,0,1,0,0,0,0,1,1,0,0
1448,1652,3,0,314,604,29,8,754,142,20,1,0,0,1,0,0,0,1,0,0,0,1
1449,131,6,0,-95,0,731,219,375,55,0,1,1,0,0,0,0,0,0,0,0,1,0
1451,1913,9,0,401,87,2003,125,1328,179,3,1,0,1,0,0,1,0,0,1,0,0,1
1452,2567,8,0,770,0,18,6,1026,254,0,0,0,0,1,0,0,0,0,0,1,0,0
1453,20,4,0,6,1030,21,6,15,3,34,1,0,0,1,1,0,0,1,0,0,1,0
1461,523,5,0,-26,874,330,-115,288,-45,28,1,0,0,1,0,0,1,0,0,0,0,0
1462,128,3,0,-23,194,38,-50,561,106,6,0,0,0,1,0,0,0,0,0,1,0,0
1463,79,3,0,-29,437,25,3,93,-3,14,0,1,0,0,0,1,1,0,0,0,0,1
1467,186,3,0,41,129,382,-92,325,-19,4,1,0,1,0,0,0,0,1,0,0,1,0
1468,366,4,0,-110,0,124,27,183,-22,0,1,0,0,1,0,1,0,0,0,1,0,0
1469,289,7,0,26,0,177,-120,157,-32,0,0,0,1,0,1,0,0,0,1,0,1,0
1470,205,2,0,13,309,291,-14,187,-34,11,1,0,0,1,0,0,1,0,0,1,0,0
1471,8,2,0,-7,0,6,2,566,68,0,1,0,0,1,1,0,0,0,0,0,1,0
1473,25,1,0,-3,0,598,-42,336,-54,0,0,0,0,1,1,0,1,0,0,0,1,0
1474,148,3,0,15,617,7,3,56,2,20,0,0,1,0,0,1,0,0,1,0,0,0
1475,4,3,0,1,0,112,11,319,57,0,1,0,0,1,0,0,0,0,1,0,1,0
1476,245,3,0,8,610,1522,169,610,66,20,0,0,0,1,1,0,1,0,0,1,0,0
1477,523,3,0,52,882,48,7,565,-40,29,0,0,0,1,1,0,0,0,1,1,0,0
1479,198,4,0,-14,1284,2254,375,1780,323,42,1,0,0,1,0,0,1,0,0,1,0,0
1481,363,5,0,-31,768,573,-64,326,-30,25,0,1,0,0,0,0,0,0,1,1,0,0
1482,892,7,0,111,768,363,-31,609,5,25,0,1,0,0,0,0,0,0,1,0,0,1
1483,472,3,0,-149,56,1747,629,972,177,2,1,0,0,1,0,0,0,1,0,0,0,1
1484,760,6,0,-43,357,539,-7,480,-3,12,0,0,1,0,1,0,1,0,0,1,0,0
1485,38,3,0,7,357,760,-43,446,-14,12,0,0,1,0,1,0,1,0,0,0,1,0
1486,1685,6,0,320,0,300,11,672,111,0,0,0,0,0,1,0,0,0,1,0,0,1
1487,141,2,0,41,782,14,4,172,37,26,0,0,0,1,0,0,0,0,1,0,0,0
1488,10,3,0,4,328,103,16,52,13,11,1,0,0,1,1,0,1,0,0,0,1,0
1489,19,4,0,6,804,54,19,33,12,26,1,0,0,1,0,0,1,0,0,0,1,0
1491,27,2,0,9,267,257,67,129,0,8,0,0,0,1,0,1,0,0,0,0,1,0
1492,828,3,0,240,267,27,9,371,105,8,0,0,0,1,0,1,0,0,0,1,0,0
1500,717,3,0,71,31,6,2,256,31,1,1,0,1,0,0,0,0,0,1,1,0,0
1501,170,3,0,19,31,717,71,298,31,1,1,0,1,0,0,0,0,0,1,0,0,1
1502,145,2,0,3,1297,572,35,681,62,43,0,0,0,1,0,0,1,0,0,1,0,0
1503,908,9,0,227,388,418,5,580,118,13,0,0,0,0,0,0,1,0,0,1,0,0
1505,16,2,0,-22,654,74,-2,45,-4,21,1,0,0,1,0,1,0,0,0,0,1,0
1508,331,7,0,-114,916,14,4,230,-26,30,1,0,0,1,0,0,0,1,0,0,0,1
1513,113,8,0,44,270,1690,422,615,157,9,1,0,0,1,0,0,1,0,0,0,1,0
1515,66,7,0,26,548,842,42,366,28,18,1,0,1,0,0,0,0,0,1,0,1,0
1516,24,2,0,7,548,66,26,310,25,18,1,0,1,0,0,0,0,0,1,0,1,0
1517,4416,9,0,-630,628,322,64,1631,-206,21,1,0,1,0,0,0,1,0,0,1,0,0
1519,47,5,0,21,0,113,-5,91,8,0,0,0,0,1,0,1,0,0,0,0,1,0
1520,155,2,0,-35,0,79,-29,237,-5,0,0,0,1,0,1,0,0,0,0,1,0,0
1521,315,8,0,31,252,244,-31,985,-105,8,1,0,0,1,0,0,0,1,0,0,1,0
1522,273,2,0,-12,313,14,5,98,-1,10,1,0,0,1,1,0,0,0,1,0,0,0
1524,66,2,0,-9,1096,17,5,123,26,36,1,0,0,1,0,0,1,0,0,0,1,0
1525,57,3,0,23,778,9,3,318,68,25,1,0,0,1,1,0,0,0,0,0,1,0
1527,20,1,0,7,197,127,21,67,14,6,1,0,0,1,0,0,0,0,1,0,1,0
1528,292,4,0,-175,0,239,14,480,-71,0,1,0,0,0,0,0,0,0,0,0,0,1
1529,8,2,0,-7,0,292,-175,180,-56,0,1,0,0,0,0,0,0,0,0,0,1,0
1530,424,6,0,-30,0,8,-7,241,-71,0,1,0,0,0,0,0,0,0,0,0,0,0
1533,113,2,0,9,694,9,4,45,6,23,1,0,1,0,0,0,0,0,1,1,0,0
1536,41,2,0,10,1276,60,5,229,29,42,0,0,0,0,0,0,1,0,0,0,1,0
1537,111,2,0,14,0,27,11,53,11,0,0,0,0,1,0,1,0,0,1,0,1,0
1539,67,2,0,10,218,31,1,222,13,7,1,0,0,1,0,0,0,1,0,0,1,0
1540,54,3,0,14,218,67,10,51,8,7,1,0,0,1,0,0,0,1,0,0,1,0
1541,449,2,0,56,382,603,45,417,46,12,0,0,0,1,0,0,1,0,0,0,0,0
1542,192,3,0,36,82,67,-20,222,-21,3,0,0,1,0,1,0,1,0,0,1,0,0
1543,67,2,0,18,0,163,20,425,-85,0,1,0,0,1,0,0,0,1,0,1,0,0
1544,25,3,0,9,0,67,18,85,15,0,1,0,0,1,0,0,0,1,0,0,1,0
1545,721,6,0,-420,164,19,5,309,-139,6,0,0,0,1,1,0,0,1,0,0,0,1
1546,64,1,0,-12,164,721,-420,268,-142,6,0,0,0,1,1,0,0,1,0,1,0,0
1549,194,3,0,-36,0,220,24,152,-2,0,1,0,0,0,0,0,0,0,1,1,0,0
1550,347,7,0,-24,477,586,34,379,-8,15,1,0,0,1,1,0,1,0,0,1,0,0
1552,390,2,0,48,1291,2404,150,981,67,42,0,0,0,1,0,0,0,1,0,1,0,0
1553,101,5,0,19,1291,390,48,965,72,42,0,0,0,1,0,0,0,1,0,0,1,0
1554,313,2,0,-120,774,253,31,211,-34,25,1,0,0,1,1,0,1,0,0,0,0,1
1555,866,3,0,173,774,313,-120,477,28,25,1,0,0,1,1,0,1,0,0,1,0,0
1557,509,5,0,41,6,14,6,177,16,0,1,0,0,1,1,0,0,0,1,0,0,0
1558,122,3,0,34,6,509,41,215,27,0,1,0,0,1,1,0,0,0,1,0,1,0
1559,97,2,0,-6,6,122,34,243,23,0,1,0,0,1,1,0,0,0,1,1,0,0
1560,722,3,0,81,6,97,-6,314,36,0,1,0,0,1,1,0,0,0,1,1,0,0
1561,167,8,0,11,88,340,-34,357,-26,2,0,0,0,1,1,0,0,0,1,0,1,0
1562,172,1,0,-94,0,241,-14,677,82,0,1,0,0,1,0,0,1,0,0,0,0,1
1563,13,1,0,0,883,8,-4,57,12,29,1,0,0,1,0,1,0,0,1,0,1,0
1564,386,2,0,-5,267,718,-71,454,7,9,0,0,1,0,1,0,1,0,0,1,0,0
1565,36,3,0,6,981,68,20,75,15,32,0,0,0,1,0,0,1,0,0,0,1,0
1566,85,2,0,-6,655,66,-9,56,-3,21,1,0,1,0,0,0,0,0,0,1,0,0
1567,32,2,0,-26,655,85,-6,61,-13,21,1,0,1,0,0,0,0,0,0,0,1,0
1568,46,5,0,13,0,212,53,165,51,0,0,0,1,0,1,0,0,0,1,0,1,0
1569,236,2,0,-2,1196,681,42,315,5,40,1,0,0,1,0,0,0,0,1,0,0,1
1571,88,5,0,14,1222,63,10,238,17,40,0,0,0,0,0,0,0,1,0,0,1,0
1572,318,5,0,-77,365,419,-57,283,-41,12,1,0,1,0,0,1,0,0,0,1,0,0
1574,523,9,0,125,352,1196,119,579,83,12,1,0,0,0,0,0,0,1,0,0,0,0
1577,2573,9,0,746,0,844,-36,1145,239,0,0,0,0,1,0,1,0,1,0,1,0,0
1578,445,7,0,-108,160,22,-7,323,-68,5,0,0,1,0,1,0,1,0,0,1,0,0
1580,106,6,0,33,213,289,10,137,15,7,1,0,0,1,1,0,0,0,1,0,1,0
1584,396,5,0,148,1103,86,29,231,64,36,1,0,0,1,0,0,1,0,0,0,1,0
1586,1487,5,0,148,60,1805,523,1138,228,2,1,0,0,1,0,0,0,0,1,1,0,0
1588,266,3,0,-13,210,974,-97,604,-25,7,0,0,0,0,0,0,0,0,1,0,1,0
1589,483,4,0,54,210,266,-13,574,-18,7,0,0,0,0,0,0,0,0,1,1,0,0
1591,231,5,0,5,481,196,-22,179,-2,15,0,0,0,1,0,0,0,1,0,0,0,0
1592,13,2,0,-14,1413,19,5,130,23,47,0,0,0,1,0,0,0,0,0,0,1,0
1595,906,5,0,68,0,508,0,552,-98,0,0,0,0,1,1,0,0,0,1,1,0,0
1598,31,6,0,9,0,123,11,120,24,0,1,0,0,1,0,0,1,0,0,0,1,0
1599,170,1,0,0,1082,333,3,177,4,35,1,0,0,0,0,0,1,0,0,1,0,0
1608,71,2,0,-19,88,58,11,83,2,3,1,0,0,1,0,0,1,0,0,1,0,0
1609,887,3,0,-63,88,71,-19,338,-23,3,1,0,0,1,0,0,1,0,0,1,0,0
1610,25,3,0,-33,192,36,15,95,-5,6,1,0,0,1,0,0,0,0,0,0,1,0
1611,5,2,0,-1,192,25,-33,22,-6,6,1,0,0,1,0,0,0,0,0,0,1,0
1612,14,3,0,4,541,1781,-653,1141,-91,17,0,0,1,0,0,0,1,0,0,0,1,0
1615,75,9,0,19,469,99,2,103,15,15,1,0,1,0,0,1,0,0,0,0,1,0
1616,127,7,0,-9,0,479,81,411,39,0,1,0,0,0,0,1,0,0,0,1,0,0
1618,300,1,0,87,1318,1207,314,511,136,43,0,0,1,0,0,0,0,1,0,1,0,0
1619,258,3,0,77,1318,300,87,589,159,43,0,0,1,0,0,0,0,1,0,1,0,0
1620,441,2,0,101,873,8,3,358,-4,29,1,0,0,1,1,0,1,0,0,0,0,0
1625,187,4,0,76,0,19,8,140,23,0,0,1,0,0,0,1,0,0,1,0,1,0
1626,76,3,0,-53,0,602,-163,283,-74,0,1,0,0,1,0,0,0,0,0,0,1,0
1629,38,3,0,4,476,170,32,87,19,15,1,0,1,0,0,1,1,0,0,0,1,0
1630,446,4,0,0,476,38,4,218,12,15,1,0,1,0,0,1,1,0,0,0,0,1
1631,341,2,0,78,164,386,-185,265,-30,5,1,0,0,1,0,1,1,0,0,0,0,0
1632,605,6,0,151,164,341,78,444,14,5,1,0,0,1,0,1,1,0,0,1,0,0
1633,1568,9,0,329,14,1159,43,980,132,0,0,0,0,1,1,0,0,0,0,0,0,1
1634,872,3,0,157,1075,1133,294,966,177,35,1,0,0,0,1,0,0,1,0,0,0,1
1635,167,7,0,14,561,975,121,390,40,18,1,1,0,0,0,0,0,0,1,1,0,0
1636,526,2,0,-52,1086,9,2,186,-14,36,0,0,0,1,0,1,1,0,0,0,0,1
1638,77,3,0,15,578,908,227,468,82,19,0,0,1,0,0,0,0,1,0,0,1,0
1640,291,4,0,-25,647,1913,401,1402,167,21,1,0,0,1,0,1,0,0,1,1,0,0
1641,60,3,0,19,0,113,-18,503,10,0,0,0,0,1,0,0,0,1,0,0,1,0
1643,154,3,0,30,791,1421,-195,582,-57,26,0,0,1,0,1,0,1,0,0,0,1,0
1644,1779,5,0,373,274,1568,329,1502,248,9,0,1,0,0,1,0,1,0,0,1,0,0
1648,40,2,0,14,0,5,2,144,-23,0,1,0,1,0,0,0,0,0,1,0,1,0
1650,10,6,0,4,349,550,-47,449,40,11,1,0,0,0,0,0,1,0,0,0,1,0
1651,1497,2,0,140,960,21,7,621,-13,32,1,0,0,0,0,1,0,0,1,0,0,0
1654,63,3,0,6,0,82,33,238,15,0,1,0,0,1,1,0,0,0,1,1,0,0
1655,241,2,0,-15,0,48,9,223,-9,0,1,0,1,0,0,0,0,0,1,0,0,1
1656,307,4,0,-11,289,338,4,356,4,9,0,0,0,1,1,0,0,0,1,1,0,0
1662,915,4,0,102,185,148,15,356,40,6,0,0,0,1,0,1,0,0,1,1,0,0
1663,242,4,0,-302,610,366,-110,244,-128,20,1,0,1,0,0,1,0,0,0,0,1,0
1666,16,5,0,3,751,23,7,47,2,25,0,0,1,0,0,0,0,0,1,0,1,0
1667,16,1,0,4,751,16,3,18,5,25,0,0,1,0,0,0,0,0,1,0,1,0
1672,205,2,0,-12,762,268,6,187,6,25,1,0,0,1,0,0,0,0,1,0,0,0
1675,50,3,0,9,511,38,7,283,-8,17,0,0,1,0,1,0,1,0,0,0,1,0
1677,230,3,0,23,230,68,27,102,15,8,1,0,0,1,1,0,0,0,1,1,0,0
1678,81,2,0,-9,493,347,-24,338,0,16,1,0,0,0,1,0,0,0,1,1,0,0
1679,362,6,0,0,0,14,4,719,-216,0,0,0,0,1,0,0,0,0,0,1,0,0
1680,63,6,0,-34,0,362,0,146,-10,0,0,0,0,1,0,0,0,0,0,0,1,0
1682,72,5,0,26,1070,435,-59,218,-14,36,0,0,0,1,1,0,0,0,1,0,1,0
1683,206,3,0,5,1070,72,26,238,-9,36,0,0,0,1,1,0,0,0,1,0,0,1
1684,90,3,0,-190,775,1202,300,440,40,26,1,0,0,0,1,0,0,0,1,0,0,0
1685,120,1,0,13,775,90,-190,471,41,26,1,0,0,0,1,0,0,0,1,1,0,0
1686,254,3,0,0,244,8,-7,89,-1,8,1,0,0,1,1,0,1,0,0,0,1,0
1688,145,6,0,-247,543,359,-5,389,-54,18,1,0,1,0,0,0,0,0,1,0,0,0
1690,12,7,0,3,0,57,23,26,10,0,1,0,0,0,1,0,0,0,1,0,1,0
1691,45,3,0,15,162,42,16,455,85,6,1,0,0,0,0,0,1,0,0,0,1,0
1692,9,2,0,3,162,45,15,32,11,6,1,0,0,0,0,0,1,0,0,0,1,0
1693,1323,5,0,383,513,9,3,459,134,17,1,0,0,1,0,0,0,0,0,1,0,0
1694,18,3,0,6,578,253,-31,95,-12,19,0,1,0,0,0,0,1,0,0,0,1,0
1695,60,6,0,12,143,327,91,434,69,5,1,0,0,0,0,1,1,0,0,0,1,0
1696,657,5,0,-93,0,74,20,256,-20,0,0,0,0,1,1,0,0,0,0,1,0,0
1697,210,2,0,50,433,213,15,147,23,14,1,0,1,0,1,0,1,0,0,0,1,0
1698,23,3,0,-10,102,111,51,53,9,4,1,0,0,1,0,0,0,0,0,0,1,0
1699,75,9,0,-20,521,13,-14,36,-9,17,0,0,0,0,0,0,0,0,0,0,1,0
1700,435,3,0,5,1020,138,-34,198,-8,33,1,0,1,0,0,0,0,0,1,0,0,0
1704,307,2,0,28,4,32,11,419,-25,0,1,0,0,1,0,0,0,0,1,0,0,0
1705,4,2,0,1,4,307,28,114,14,0,1,0,0,1,0,0,0,0,1,0,1,0
1706,16,6,0,6,482,328,-147,267,-93,16,1,0,0,1,1,0,0,0,1,0,1,0
1707,141,5,0,-187,278,77,15,376,18,10,0,0,0,1,0,0,0,0,0,0,1,0
1708,310,4,0,-26,278,141,-187,176,-66,10,0,0,0,1,0,0,0,0,0,1,0,0
1709,27,3,0,9,399,87,7,99,23,13,1,0,0,1,1,0,0,1,0,0,1,0
1711,23,3,0,10,599,24,10,20,8,19,1,0,1,0,0,0,0,0,1,0,1,0
1713,215,4,0,-58,370,542,102,386,-36,12,0,0,0,1,0,0,1,0,0,1,0,0
1716,85,2,0,-1,367,248,-17,138,3,13,1,0,1,0,0,0,0,0,0,1,0,0
1717,148,3,0,41,938,476,119,217,56,30,1,0,0,1,1,0,0,0,1,0,1,0
1720,451,3,0,0,871,41,10,178,9,29,0,0,0,1,0,0,0,0,1,1,0,0
1722,64,5,0,-43,1018,89,17,53,-7,33,1,0,0,1,0,0,0,0,0,0,1,0
1727,141,2,0,39,0,892,89,426,17,0,1,0,0,0,1,0,0,0,0,0,0,0
1730,96,6,0,33,519,557,0,225,14,17,1,0,0,1,0,0,0,0,1,0,1,0
1731,512,3,0,-30,519,96,33,389,1,17,1,0,0,1,0,0,0,0,1,0,0,0
1732,863,7,0,-32,851,14,-11,1051,114,27,1,0,0,1,1,0,0,0,1,0,0,1
1734,449,2,0,-73,603,2036,366,871,111,20,0,0,0,1,0,1,0,0,1,1,0,0
1735,277,4,0,-188,0,72,19,211,-32,0,0,0,0,1,0,0,0,0,1,0,0,1
1736,1252,8,0,-480,540,355,-184,539,-220,18,1,0,0,1,0,0,1,0,0,0,0,1
1737,22,3,0,-10,611,173,38,80,9,20,1,0,0,1,1,0,0,0,0,0,1,0
1738,1,1,0,0,611,22,-10,66,9,20,1,0,0,1,1,0,0,0,0,0,1,0
1739,170,4,0,-12,8,108,-105,150,-33,0,1,0,1,0,0,0,0,0,0,1,0,0
1740,187,4,0,76,498,287,-3,233,31,16,0,0,0,1,0,0,1,0,0,0,1,0
1742,11,3,0,4,0,273,-12,100,0,0,1,1,0,0,1,0,1,0,0,0,1,0
1743,577,2,0,115,0,11,4,287,35,0,1,1,0,0,1,0,1,0,0,1,0,0
1744,191,1,0,-76,0,30,12,306,-18,0,1,0,0,1,0,0,0,1,0,0,0,1
1745,44,5,0,-17,0,133,58,615,52,0,0,0,0,1,0,0,0,0,0,0,1,0
1747,82,2,0,7,638,478,47,300,15,21,1,0,1,0,0,1,1,0,0,0,1,0
1748,1266,7,0,291,649,155,46,679,-23,21,1,0,1,0,0,0,0,1,0,0,0,0
1749,933,4,0,-458,417,63,28,479,-123,14,1,0,0,1,0,0,0,1,0,0,0,1
1750,2803,5,0,0,417,933,-458,1266,-143,14,1,0,0,1,0,0,0,1,0,1,0,0
1753,4,2,0,-1,0,384,29,132,9,0,1,0,1,0,0,0,0,0,0,0,1,0
1755,2563,8,0,313,170,472,-149,1594,264,5,1,0,0,1,0,0,1,0,0,1,0,0
1757,207,3,0,25,1147,34,-15,87,5,38,1,0,0,0,1,0,0,1,0,1,0,0
1758,51,3,0,-33,470,200,-22,155,-53,15,1,0,1,0,0,1,0,0,0,0,1,0
1761,486,4,0,36,430,47,15,197,19,15,0,0,0,1,0,0,0,0,1,0,0,1
1764,512,3,0,-14,0,26,11,182,0,0,1,0,0,1,0,1,0,0,0,1,0,0
1765,354,5,0,88,288,218,-19,233,24,10,1,0,0,0,0,0,1,0,0,1,0,0
1766,436,6,0,-38,628,358,39,287,7,21,1,0,0,1,1,0,0,0,1,1,0,0
1767,32,3,0,6,0,145,3,250,15,0,0,0,0,1,0,0,0,1,0,0,1,0
1768,218,3,0,-10,0,32,6,132,0,0,0,0,0,1,0,0,0,1,0,1,0,0
1769,31,5,0,13,0,885,-99,572,-12,0,0,0,0,1,1,0,1,0,0,0,1,0
1770,9,1,0,3,0,31,13,308,-27,0,0,0,0,1,1,0,1,0,0,0,1,0
1771,24,5,0,10,0,9,3,21,9,0,0,0,0,1,1,0,1,0,0,0,1,0
1773,373,5,0,-112,486,32,7,149,-34,16,1,0,0,1,1,0,1,0,0,0,0,1
1774,186,3,0,41,949,14,4,158,25,31,1,0,0,1,0,0,0,1,0,0,1,0
1776,902,3,0,33,882,198,-14,1118,131,29,1,0,0,1,0,0,0,0,1,0,0,1
1777,120,2,0,21,658,13,0,47,5,22,1,0,0,1,0,1,0,0,1,0,0,0
1780,27,2,0,9,965,665,106,239,40,31,0,0,0,1,0,1,1,0,0,0,1,0
1783,155,2,0,-35,1237,141,35,170,19,41,0,0,1,0,0,1,1,0,0,1,0,0
1787,630,4,0,-199,714,239,64,310,-37,23,1,1,0,0,1,0,0,1,0,0,0,1
1788,933,4,0,-173,856,85,-1,355,-58,28,1,0,0,1,0,0,0,0,0,0,0,1
1789,286,1,0,63,1112,22,7,196,19,37,1,0,0,0,0,1,0,0,1,0,0,1
1792,303,5,0,-30,891,1487,148,1198,214,29,1,0,1,0,0,0,1,0,0,0,1,0
1794,9,5,0,-6,161,653,111,738,101,5,1,0,1,0,1,0,0,0,0,0,1,0
1795,240,4,0,-13,191,314,-35,250,7,6,0,0,0,0,1,0,1,0,0,0,0,1
1796,35,4,0,14,191,240,-13,196,-11,6,0,0,0,0,1,0,1,0,0,0,1,0
1797,210,2,0,50,191,35,14,162,17,6,0,0,0,0,1,0,1,0,0,0,1,0
1798,637,3,0,-127,191,210,50,294,-20,6,0,0,0,0,1,0,1,0,0,0,0,1
1800,127,5,0,-67,0,344,-93,158,-53,0,0,0,0,1,1,0,0,0,0,0,1,0
1803,387,4,0,-14,126,563,112,349,46,4,0,0,0,1,0,1,0,1,0,0,0,0
1804,77,3,0,-11,126,387,-14,343,28,4,0,0,0,1,0,1,0,1,0,0,1,0
1805,199,10,0,71,985,464,92,247,67,32,1,1,0,0,0,0,0,0,1,0,1,0
1806,18,7,0,7,0,601,-300,211,-100,0,1,0,1,0,0,0,0,1,0,0,1,0
1807,184,3,0,-20,0,21,6,77,-1,0,1,0,1,0,1,0,0,0,1,1,0,0
1808,366,4,0,-110,695,241,0,292,-106,23,1,0,0,1,0,0,0,0,0,1,0,0
1809,73,2,0,-77,587,16,6,139,-73,20,1,0,0,1,1,0,0,0,0,0,1,0
1812,182,3,0,45,91,12,1,97,17,3,0,0,0,1,0,0,1,0,0,1,0,0
1813,302,3,0,18,91,182,45,166,21,3,0,0,0,1,0,0,1,0,0,1,0,0
1814,54,14,0,8,652,127,-9,220,27,22,1,0,0,1,0,1,1,0,0,0,1,0
1815,51,6,0,7,124,449,-12,679,-1,4,1,1,0,0,0,0,1,0,0,0,1,0
1816,241,2,0,-36,1404,2573,746,1219,224,46,0,0,0,1,0,1,0,0,1,1,0,0
1817,389,3,0,35,850,36,6,165,20,27,0,0,0,1,0,0,0,0,0,1,0,0
1818,422,7,0,0,0,207,2,504,33,0,1,0,0,0,1,0,1,0,0,1,0,0
1819,20,1,0,8,231,81,-9,149,-8,7,1,0,0,1,1,0,0,1,0,0,1,0
1820,39,4,0,11,231,20,8,47,3,7,1,0,0,1,1,0,0,1,0,0,1,0
1821,24,4,0,4,0,127,21,105,-18,0,1,0,0,0,1,0,0,0,1,0,1,0
1822,1056,7,0,158,690,199,-8,452,45,23,1,0,0,0,0,0,0,1,0,0,0,1
1823,2,2,0,0,969,561,70,1356,256,32,1,0,1,0,1,0,0,0,0,0,1,0
1825,220,6,0,-8,250,22,-10,95,-2,8,1,0,0,1,0,1,0,1,0,0,1,0
1826,102,1,0,26,926,102,-183,72,-51,31,0,0,0,0,0,0,1,0,0,0,1,0
1828,10,3,0,-5,0,6,-3,411,-43,0,1,0,1,0,1,0,0,0,0,0,1,0
1829,11,3,0,3,560,141,41,55,16,18,0,0,0,0,0,0,0,0,1,0,1,0
1831,353,2,0,-44,0,56,21,160,-40,0,1,0,0,1,0,0,1,0,0,0,0,0
1832,13,2,0,6,0,353,-44,141,-5,0,1,0,0,1,0,0,1,0,0,0,1,0
1833,399,7,0,-14,690,37,15,514,40,23,1,0,0,1,1,0,0,0,1,0,0,1
1834,30,5,0,-19,1375,866,225,380,63,46,0,0,1,0,0,0,0,0,0,0,1,0
1836,177,5,0,-78,48,356,60,623,-78,1,0,0,0,0,0,0,1,0,0,0,0,0
1837,130,2,0,-89,1322,902,33,410,-23,43,1,0,0,1,0,0,1,0,0,0,0,0
1839,4,1,0,1,501,73,-77,31,-23,17,1,0,0,1,1,0,0,1,0,0,1,0
1840,194,3,0,19,706,91,19,158,5,23,1,0,0,1,0,0,0,0,1,1,0,0
1842,14,3,0,5,0,2807,673,950,229,0,1,1,0,0,0,0,0,0,1,0,1,0
1843,723,5,0,-81,621,65,-52,270,-42,20,0,0,0,1,0,0,0,1,0,0,0,0
1844,21,4,0,-15,0,35,14,82,24,0,0,0,0,1,0,0,0,0,0,0,1,0
1846,182,3,0,-18,123,10,4,82,0,4,1,0,1,0,0,0,1,0,0,0,1,0
1847,600,3,0,-8,212,504,126,430,64,7,0,0,0,1,0,0,0,0,0,1,0,0
1848,7,1,0,-3,212,600,-8,371,37,7,0,0,0,1,0,0,0,0,0,0,1,0
1849,517,5,0,-81,711,122,-13,214,-31,23,0,0,0,0,0,0,0,0,0,0,0,1
1850,300,1,0,11,161,258,0,393,-78,5,1,0,1,0,0,1,0,0,1,0,0,1
1851,31,4,0,9,1102,37,14,52,20,36,1,0,0,1,1,0,0,1,0,0,1,0
1852,120,2,0,-28,1102,31,9,63,-1,36,1,0,0,1,1,0,0,1,0,0,0,1
1853,172,2,0,13,0,15,5,845,139,0,1,0,0,1,0,1,1,0,0,1,0,0
1854,305,3,0,25,0,91,15,255,27,0,1,0,0,0,1,0,0,0,1,0,0,0
1855,626,3,0,-23,0,366,-47,367,-7,0,1,0,0,1,0,0,0,0,1,0,0,1
1856,359,3,0,-29,380,408,-5,304,-44,13,1,0,0,1,0,0,0,0,1,0,0,0
1858,379,2,0,-119,212,6,-4,150,-34,7,1,0,1,0,0,1,0,0,0,1,0,0
1859,53,3,0,16,377,254,0,105,2,12,1,0,0,1,1,0,0,1,0,0,1,0
1860,131,2,0,8,377,53,16,146,8,12,1,0,0,1,1,0,0,1,0,0,0,0
1861,126,3,0,40,1138,90,15,150,24,37,1,0,1,0,1,0,0,0,1,0,1,0
1862,11,1,0,3,570,129,12,72,10,19,1,0,0,0,0,0,0,0,1,0,1,0
1863,210,2,0,12,396,373,-112,205,-30,13,1,0,0,1,1,0,0,0,1,0,1,0
1864,27,3,0,9,195,50,8,31,7,6,1,0,0,1,1,0,1,0,0,0,1,0
1865,83,4,0,5,307,19,7,43,8,10,1,1,0,0,0,1,0,0,1,1,0,0
1869,1128,3,0,259,669,305,25,508,100,22,1,0,0,1,1,0,0,0,1,0,0,1
1870,698,3,0,52,342,2563,313,1244,72,11,1,0,0,1,0,0,0,1,0,1,0,0
1871,77,2,0,-3,342,698,52,1113,120,11,1,0,0,1,0,0,0,1,0,0,0,0
1873,40,2,0,14,846,10,-5,18,1,28,1,0,0,1,1,0,1,0,0,0,1,0
1874,266,3,0,13,0,66,-42,328,-153,0,0,0,0,1,1,0,0,0,1,1,0,0
1875,39,2,0,14,352,411,-4,178,8,12,1,0,0,1,0,1,0,1,0,0,1,0
1876,159,10,0,45,143,106,33,185,29,5,1,0,0,0,1,0,0,1,0,0,1,0
1879,70,12,0,31,1087,307,-11,238,7,36,0,0,0,1,1,0,0,0,1,0,1,0
1883,489,2,0,41,0,230,20,534,53,0,1,0,0,1,0,0,0,0,0,0,0,1
1884,312,3,0,43,442,2567,770,966,273,15,0,0,0,1,0,0,0,0,1,0,1,0
1885,32,3,0,-12,606,363,0,344,-14,19,0,0,0,1,0,0,0,0,0,0,1,0
1886,191,3,0,-38,606,32,-12,195,-17,19,0,0,0,1,0,0,0,0,0,1,0,0
1887,177,2,0,46,0,863,-32,351,0,0,1,0,0,1,1,0,0,1,0,0,1,0
1888,11,3,0,2,916,177,46,350,5,30,1,0,0,1,1,0,0,1,0,0,1,0
1891,211,2,0,-45,0,609,-113,712,44,0,1,0,0,1,0,0,0,0,0,0,0,1
1892,99,5,0,22,378,39,9,74,12,12,0,0,0,1,1,0,0,0,0,0,1,0
1894,239,3,0,-47,708,231,5,222,-21,23,0,0,0,1,0,0,0,0,0,1,0,0
1896,155,4,0,-7,0,115,25,141,15,0,1,0,1,0,0,0,0,1,0,0,0,0
1900,756,5,0,75,786,273,71,386,56,26,1,0,0,0,0,0,0,1,0,0,1,0
1902,271,2,0,60,1159,75,-20,120,8,38,0,0,0,1,0,0,1,0,0,1,0,0
1903,344,7,0,28,653,87,-45,146,-6,21,1,0,1,0,0,0,0,0,1,0,0,0
1905,159,5,0,-194,114,16,4,63,-62,4,0,0,0,1,0,0,0,0,0,0,1,0
1906,145,2,0,-99,114,159,-194,107,-96,4,0,0,0,1,0,0,0,0,0,0,0,1
1908,9,2,0,3,521,657,-93,247,-23,17,0,0,0,1,1,0,0,0,0,0,1,0
1910,458,5,0,-124,263,220,-8,233,-47,9,1,0,0,1,0,1,1,0,0,1,0,0
1911,5,2,0,2,426,142,-37,177,-67,14,0,1,0,0,1,0,0,0,0,0,1,0
1912,135,7,0,66,477,528,0,242,21,15,1,0,0,0,1,0,1,0,0,0,1,0
1913,29,6,0,9,0,181,-54,284,44,0,1,0,1,0,0,0,0,1,0,0,1,0
1914,98,3,0,9,277,141,22,217,34,9,1,0,0,0,0,1,0,0,1,0,1,0
1915,117,1,0,1,338,25,9,70,9,11,1,0,0,0,0,0,1,0,0,1,0,0
1916,37,3,0,12,659,1875,-968,651,-314,21,0,0,0,1,1,0,1,0,0,0,1,0
1917,14,3,0,6,0,323,12,213,17,0,0,0,0,1,0,0,1,0,0,0,1,0
1918,191,3,0,61,0,14,6,176,26,0,0,0,0,1,0,0,1,0,0,0,1,0
1919,283,4,0,45,941,148,41,302,68,31,1,1,0,0,1,0,0,0,1,0,0,1
1920,487,2,0,146,1019,161,45,359,101,33,0,0,0,1,0,1,0,0,0,1,0,0
1922,337,4,0,16,251,186,41,179,20,8,1,0,0,1,0,0,0,1,0,0,1,0
1923,2621,11,0,553,0,16,-22,904,176,0,1,0,0,0,0,1,1,0,0,1,0,0
1924,74,7,0,23,170,484,-84,424,39,5,1,0,0,1,0,0,0,0,1,0,1,0
1925,364,3,0,27,170,74,23,308,-11,5,1,0,0,1,0,0,0,0,1,0,0,1
1926,1115,7,0,334,0,347,-24,492,105,0,1,0,0,1,1,0,0,0,1,0,0,1
1927,215,3,0,-2,725,113,20,689,-2,24,1,0,1,0,0,0,0,0,1,1,0,0
1928,11,3,0,2,1275,205,-27,129,-4,42,0,0,0,0,1,0,1,0,0,0,1,0
1931,482,6,0,-376,0,198,-32,270,-131,0,1,0,1,0,1,0,1,0,0,0,0,0
1932,64,5,0,-84,0,821,213,426,-25,0,0,0,0,1,0,0,0,0,0,0,1,0
1934,887,3,0,-63,0,31,6,342,-15,0,0,0,1,0,0,0,1,0,0,1,0,0
1935,9,3,0,-3,741,446,0,164,0,24,1,0,1,0,0,1,0,0,0,0,1,0
1936,5,4,0,-2,741,9,-3,153,-1,24,1,0,1,0,0,1,0,0,0,0,1,0
1937,301,3,0,-241,0,423,47,252,-64,0,1,0,1,0,0,0,1,0,0,0,0,0
1938,27,2,0,9,908,39,-23,41,-12,29,1,0,0,1,1,0,1,0,0,0,1,0
1940,405,7,0,32,460,170,-12,228,-28,15,1,0,0,1,0,0,0,0,0,0,0,0
1941,680,3,0,176,460,405,32,418,65,15,1,0,0,1,0,0,0,0,0,1,0,0
1942,31,2,0,1,953,286,63,113,24,32,1,1,0,0,0,1,0,0,1,0,1,0
1944,207,1,0,25,486,51,15,215,12,16,1,0,0,1,0,0,0,0,1,1,0,0
1945,256,1,0,32,0,523,-26,370,-36,0,1,0,0,1,0,0,0,0,1,1,0,0
1946,120,1,0,12,863,366,-110,243,-32,28,1,0,0,0,0,0,1,0,0,0,0,0
1947,39,2,0,11,0,1454,378,629,144,0,1,0,0,1,1,0,0,0,1,0,1,0
1948,79,3,0,28,0,39,11,524,139,0,1,0,0,1,1,0,0,0,1,0,1,0
1949,301,3,0,-204,0,162,34,256,-31,0,0,0,0,1,0,0,1,0,0,0,0,0
1950,1504,4,0,346,1193,88,14,552,123,39,0,0,0,0,0,0,0,1,0,0,0,1
1951,94,9,0,31,756,335,25,252,49,25,1,0,0,1,0,0,0,0,1,0,1,0
1952,568,3,0,28,756,94,31,333,28,25,1,0,0,1,0,0,0,0,1,0,0,1
1953,147,2,0,-3,146,60,26,280,54,5,1,0,0,0,0,0,1,0,0,0,1,0
1954,119,1,0,7,0,32,3,79,9,0,1,0,0,1,0,1,0,0,1,0,0,0
1955,60,1,0,15,0,205,-12,94,3,0,1,0,1,0,0,0,0,0,0,1,0,0
1956,332,3,0,53,0,60,15,199,18,0,1,0,1,0,0,0,0,0,0,0,1,0
1959,14,2,0,5,0,75,19,63,9,0,1,0,0,0,0,1,0,0,1,0,1,0
1960,102,1,0,6,474,41,10,68,7,15,0,1,0,0,0,0,1,0,0,1,0,0
1961,10,3,0,4,661,9,3,225,-28,22,0,0,0,1,1,0,1,0,0,0,1,0
1964,392,3,0,43,0,30,8,489,107,0,1,0,0,1,1,0,0,0,0,1,0,0
1966,457,3,0,-84,199,72,23,311,-11,6,1,0,0,1,0,1,0,0,0,0,0,1
1967,1079,6,0,-15,767,18,6,450,-13,25,0,0,0,0,0,0,1,0,0,1,0,0
1969,56,1,0,-20,0,231,5,647,72,0,0,0,1,0,1,0,0,0,0,1,0,0
1970,163,2,0,25,401,1115,334,542,111,13,1,0,0,1,1,0,1,0,0,1,0,0
1971,183,4,0,31,401,163,25,487,130,13,1,0,0,1,1,0,1,0,0,0,1,0
1976,314,3,0,-15,604,680,176,466,64,20,1,0,0,0,0,0,0,1,0,0,0,0
1977,455,5,0,-106,1071,159,31,585,70,35,1,0,0,0,0,1,1,0,0,0,0,1
1978,30,2,0,8,1071,455,-106,215,-22,35,1,0,0,0,0,1,1,0,0,0,1,0
1979,899,5,0,-12,1071,30,8,461,-36,35,1,0,0,0,0,1,1,0,0,1,0,0
1980,842,8,0,202,824,362,36,456,96,27,1,0,0,1,0,0,0,0,1,0,1,0
1981,41,2,0,10,824,842,202,415,83,27,1,0,0,1,0,0,0,0,1,0,1,0
1983,520,2,0,-14,555,853,-24,521,-44,18,0,0,0,0,0,0,0,0,0,1,0,0
1984,313,3,0,-99,0,165,14,295,-3,0,1,0,1,0,1,0,1,0,0,0,0,1
1985,45,1,0,7,0,313,-99,174,-25,0,1,0,1,0,1,0,1,0,0,0,1,0
1986,22,3,0,6,1071,187,76,76,30,35,0,0,0,1,0,1,0,0,1,0,1,0
1987,272,3,0,43,809,25,-3,299,0,27,0,0,1,0,1,0,1,0,0,1,0,0
1988,41,4,0,-4,265,37,12,651,-320,8,0,0,0,0,1,0,1,0,0,0,1,0
1989,317,3,0,-86,265,41,-4,132,-25,8,0,0,0,0,1,0,1,0,0,1,0,0
1992,582,8,0,-29,114,282,56,344,0,3,1,1,0,0,1,0,0,0,1,1,0,0
1995,4,2,0,0,0,451,0,165,3,0,0,0,0,1,0,0,0,0,1,0,1,0
1996,209,2,0,-66,609,254,11,1358,27,20,1,0,1,0,0,0,1,0,0,0,0,1
1997,12,1,0,3,1109,32,-26,43,-9,36,1,0,1,0,0,0,1,0,0,0,1,0
1998,87,5,0,15,1132,892,111,447,31,37,0,0,0,0,0,0,1,0,0,0,1,0
1999,2803,5,0,0,42,398,-28,1082,-3,1,0,0,0,0,0,0,0,0,1,1,0,0
2000,10,3,0,3,399,435,5,194,-8,13,1,0,0,1,0,0,0,0,1,0,1,0
2002,199,5,0,39,0,1565,407,721,144,0,0,0,0,1,1,0,1,0,0,0,1,0
2003,1212,8,0,-69,0,661,-231,631,-97,0,1,0,0,1,1,0,0,0,0,1,0,0
2004,103,1,0,-16,0,101,37,115,2,0,0,0,0,1,1,0,0,0,0,0,0,1
2005,477,5,0,138,980,41,10,453,117,32,1,0,0,1,0,0,0,0,0,0,1,0
2007,31,2,0,1,817,6,2,22,5,27,0,0,0,1,1,0,0,0,1,0,1,0
2010,101,5,0,38,0,128,24,132,-1,0,0,0,1,0,0,0,1,0,0,0,1,0
2011,51,2,0,-61,279,31,1,29,-19,9,0,0,1,0,1,0,0,0,0,0,1,0
2012,781,10,0,-137,739,387,4,593,-56,25,1,0,1,0,1,0,0,0,0,0,0,0
2013,673,3,0,-76,1339,1256,75,730,22,44,0,1,0,0,0,0,1,0,0,0,0,1
2014,1592,7,0,350,0,210,12,725,83,0,1,0,0,1,1,0,0,0,0,0,0,1
2017,204,1,0,-6,1114,700,-130,401,-56,36,1,0,1,0,0,0,0,0,0,0,0,0
2019,427,14,0,80,807,85,31,268,62,26,1,0,0,1,0,0,1,0,0,1,0,0
2020,8,3,0,-6,1031,10,-6,410,25,34,0,0,1,0,0,0,0,0,0,0,1,0
2022,191,7,0,16,391,22,6,133,33,13,0,0,1,0,0,1,0,0,1,1,0,0
2024,68,7,0,8,724,192,36,109,8,24,0,0,0,1,1,0,0,0,1,0,1,0
2025,71,5,0,9,229,241,-15,120,1,7,1,0,0,1,0,0,1,0,0,0,1,0
2028,1125,7,0,98,0,135,37,538,76,0,1,1,0,0,0,0,0,1,0,1,0,0
2029,31,3,0,10,337,254,76,119,28,11,1,1,0,0,0,0,0,0,1,0,1,0
2030,105,1,0,-28,0,354,88,226,13,0,1,0,1,0,0,0,0,0,0,1,0,0
2031,104,5,0,-4,0,105,-28,188,18,0,1,0,1,0,0,0,0,0,0,1,0,0
2037,376,3,0,-213,428,127,2,186,-64,14,1,0,0,1,1,0,1,0,0,0,0,1
2038,282,4,0,19,824,66,22,243,21,27,1,0,1,0,0,0,0,0,1,0,1,0
2040,409,3,0,-96,0,307,-39,473,10,0,0,0,0,0,0,0,0,0,0,0,0,0
2041,1628,9,0,260,0,18,7,641,106,0,1,0,0,0,0,0,1,0,0,1,0,0
2042,137,2,0,55,175,15,5,239,10,6,1,0,0,1,1,0,0,0,1,0,1,0
2043,730,4,0,94,175,137,55,294,51,6,1,0,0,1,1,0,0,0,1,0,0,1
2045,436,6,0,21,0,1227,-36,561,-3,0,1,0,0,1,1,0,0,0,1,1,0,0
2046,481,2,0,54,0,436,21,715,13,0,1,0,0,1,1,0,0,0,1,1,0,0
2047,3406,8,0,160,632,4,-1,1265,62,20,1,0,0,1,0,0,0,0,1,0,0,0
2048,595,6,0,297,632,3406,160,1335,152,20,1,0,0,1,0,0,0,0,1,0,1,0
2049,97,3,0,35,0,353,-44,157,-2,0,1,0,0,1,0,0,1,0,0,0,1,0
2050,579,4,0,83,0,97,35,343,24,0,1,0,0,1,0,0,1,0,0,1,0,0
2051,119,3,0,23,727,483,54,289,21,24,0,0,0,1,0,0,0,0,1,0,1,0
2052,12,3,0,4,727,119,23,205,27,24,0,0,0,1,0,0,0,0,1,0,1,0
2054,201,8,0,54,421,956,-225,673,-110,14,0,0,0,1,0,0,0,0,1,0,1,0
2055,613,3,0,-18,0,517,-81,417,-37,0,0,0,0,1,0,0,0,0,0,0,0,0
2057,242,3,0,12,866,102,6,128,9,28,0,0,0,1,0,0,0,0,1,1,0,0
2058,19,2,0,5,866,242,12,121,8,28,0,0,0,1,0,0,0,0,1,0,1,0
2059,273,2,0,-34,0,933,-173,430,-69,0,1,0,0,1,0,0,1,0,0,0,1,0
2061,326,3,0,39,236,204,57,186,34,8,0,0,0,1,0,0,1,0,0,1,0,0
2064,364,2,0,9,1148,191,-38,195,-13,37,0,1,0,0,0,0,0,0,1,0,0,1
2065,71,2,0,-1,1148,364,9,208,-10,37,0,1,0,0,0,0,0,0,1,0,0,1
2066,10,2,0,-7,155,1706,85,588,30,5,1,0,0,1,0,0,0,0,0,0,1,0
2067,797,4,0,-56,155,10,-7,838,6,5,1,0,0,1,0,0,0,0,0,1,0,0
2068,292,2,0,58,500,145,-99,199,-78,16,0,0,1,0,0,0,0,1,0,0,0,1
2069,1403,5,0,70,410,21,-10,575,49,13,1,0,0,1,1,0,0,0,1,1,0,0
2070,339,5,0,8,982,111,14,159,11,32,0,0,0,1,0,1,0,1,0,0,0,0
2071,17,3,0,-10,0,128,15,56,-2,0,0,0,0,1,0,0,0,0,0,0,1,0
2072,8,2,0,2,0,21,-11,70,6,0,1,0,1,0,1,0,1,0,0,0,1,0
2074,1023,5,0,-30,382,2803,0,1586,-162,12,1,0,0,1,0,0,0,0,0,0,0,0
2075,600,3,0,-8,382,1023,-30,1475,-12,12,1,0,0,1,0,0,0,0,0,1,0,0
2076,211,2,0,-66,382,600,-8,611,-35,12,1,0,0,1,0,0,0,0,0,1,0,0
2077,107,2,0,-29,0,258,77,222,45,0,0,0,1,0,0,0,0,0,0,1,0,0
2078,7,1,0,2,467,146,-12,54,-2,15,1,0,1,0,0,0,1,0,0,0,1,0
2079,45,2,0,9,43,79,-29,50,-5,1,0,0,0,1,0,1,0,1,0,0,1,0
2080,194,4,0,12,711,301,-204,219,-52,23,0,0,1,0,0,0,0,1,0,1,0,0
2081,173,7,0,45,155,192,69,237,15,5,1,0,0,1,1,0,0,1,0,0,1,0
2082,195,4,0,-12,214,170,0,233,-2,7,1,0,0,1,0,0,0,0,1,1,0,0
2083,242,3,0,15,1251,673,-76,723,4,41,0,0,0,1,0,0,0,1,0,1,0,0
2084,8,7,0,-2,0,2803,0,1070,-10,0,0,0,1,0,0,0,0,0,0,0,1,0
2085,14,4,0,-6,706,87,15,331,40,23,0,0,0,0,0,0,0,0,0,0,1,0
2086,483,4,0,60,711,187,11,228,25,23,1,0,0,1,0,0,0,0,1,1,0,0
2088,511,5,0,132,445,154,-46,421,40,15,1,0,1,0,0,1,0,0,1,0,1,0
2089,12,2,0,4,235,563,56,201,22,8,1,0,0,1,1,0,1,0,0,0,1,0
2090,214,5,0,83,235,12,4,263,48,8,1,0,0,1,1,0,1,0,0,0,1,0
2091,50,4,0,21,0,172,32,166,34,0,1,0,0,1,0,0,0,0,1,0,1,0
2092,3393,8,0,610,103,94,-42,1313,189,3,0,0,0,1,1,0,0,0,1,0,0,1
2094,68,2,0,16,0,135,66,244,27,0,1,0,0,0,1,0,1,0,0,0,1,0
2096,403,4,0,96,593,70,31,260,38,19,0,0,1,0,1,0,0,0,0,1,0,0
2097,95,5,0,27,593,403,96,189,51,19,0,0,1,0,1,0,0,0,0,0,1,0
2099,82,2,0,0,0,466,34,206,-4,0,1,0,0,1,0,0,1,0,0,0,1,0
2100,330,1,0,-143,0,564,-304,390,-161,0,0,0,0,1,0,1,1,0,0,0,0,1
2102,25,3,0,-6,0,64,-43,60,-11,0,1,0,0,1,0,0,0,0,0,0,1,0
2104,717,3,0,71,0,131,55,320,49,0,1,0,0,0,1,0,0,0,1,1,0,0
2105,207,5,0,24,0,717,71,352,50,0,1,0,0,0,1,0,0,0,1,0,1,0
2106,44,3,0,12,0,207,24,323,36,0,1,0,0,0,1,0,0,0,1,0,1,0
2107,362,3,0,-54,50,272,43,220,-4,2,0,0,0,0,1,0,0,0,1,1,0,0
2109,528,5,0,-143,477,781,-137,565,-92,16,1,0,0,1,1,0,0,0,0,1,0,0
2111,683,4,0,-40,148,60,19,285,-13,5,0,0,0,1,0,0,0,0,1,0,0,0
2112,71,2,0,-1,809,613,-122,585,-226,27,1,0,1,0,1,0,0,0,1,0,0,1
2113,60,5,0,19,901,4,1,46,-18,30,1,0,0,1,1,0,1,0,0,0,1,0
2114,1925,6,0,539,213,368,81,1040,167,8,1,0,1,0,1,0,0,0,0,1,0,0
2115,273,2,0,10,397,866,173,484,21,13,1,0,1,0,1,0,0,0,1,0,0,1
2116,383,4,0,-67,0,521,88,316,12,0,0,0,0,0,0,1,0,0,0,0,0,0
2117,13,1,0,6,0,99,22,51,12,0,0,0,1,0,1,0,1,0,0,0,1,0
2118,85,1,0,22,0,225,22,106,15,0,1,0,1,0,0,0,0,1,0,0,0,1
2119,25,3,0,4,0,174,41,340,86,0,1,0,1,0,0,0,0,1,0,0,1,0
2120,91,2,0,15,1093,56,-26,138,-101,35,0,0,0,1,0,0,0,0,1,0,1,0
